scenario,Android Studio Sync,Android Studio Sync,Android Studio Sync
version,Gradle 7.2,Gradle 7.2,Gradle 7.2
tasks,AS sync,AS sync,AS sync
value,execution,Gradle Tooling Agent execution time,Android Studio execution time
warm-up build #1,38495,24067,14428
warm-up build #2,8098,4357,3741
warm-up build #3,5146,3472,1674
warm-up build #4,4779,3169,1610
warm-up build #5,4482,3053,1429
warm-up build #6,3791,2562,1229
measured build #1,3886,2517,1369
measured build #2,3988,2891,1097
measured build #3,3569,2421,1148
measured build #4,3122,2218,904
measured build #5,2671,1850,821
measured build #6,2648,1804,844
measured build #7,2626,1805,821
measured build #8,2861,1875,986
measured build #9,3775,2336,1439
measured build #10,4174,3157,1017
